{
    "loss": 852.5449829101562,
    "accuracy": 0.5179855823516846
}