{
    "loss": 58.647178649902344,
    "accuracy": 0.8633093237876892
}